target,prediction
0,0.277353631520976
0,0.11668198756989637
0,0.11668198756989637
0,0.277353631520976
0,0.277353631520976
1,0.7725939371989682
1,0.9599961209085384
1,0.9599961209085384
1,0.29685191305049863
1,0.29685191305049863
