target,prediction
0,0.14888112
0,0.06525836
0,0.06525836
0,0.14888112
0,0.14888112
1,0.8288791
1,0.9437392
1,0.9437392
1,0.6032658
1,0.6032658
