target,prediction
0,0.00013865291917522548
0,0.02200268456267691
0,0.022002684562676893
0,0.00013865291917522548
0,0.00013865291917522548
1,0.9998603159484865
1,0.9987255767365704
1,0.9987255767365704
1,0.9568869184404544
1,0.9568869184404544
