target,prediction
0,0.5000000000000002
0,0.5000000000000002
0,0.5000000000000002
0,0.5000000000000002
0,0.5000000000000002
1,0.5000000000000002
1,0.5000000000000002
1,0.5000000000000002
1,0.5000000000000002
1,0.5000000000000002
